<NotepadPlus>
    <UserLang name="SQF" ext="sqf" udlVersion="2.1">
        <Settings>
            <Global caseIgnored="yes" allowFoldOfComments="yes" foldCompact="no" forcePureLC="0" decimalSeparator="0" />
            <Prefix Keywords1="no" Keywords2="no" Keywords3="no" Keywords4="no" Keywords5="no" Keywords6="yes" Keywords7="no" Keywords8="no" />
        </Settings>
        <KeywordLists>
            <Keywords name="Comments">00// 01 02 03/* 04*/</Keywords>
            <Keywords name="Numbers, prefix1"></Keywords>
            <Keywords name="Numbers, prefix2"></Keywords>
            <Keywords name="Numbers, extras1"></Keywords>
            <Keywords name="Numbers, extras2"></Keywords>
            <Keywords name="Numbers, suffix1"></Keywords>
            <Keywords name="Numbers, suffix2"></Keywords>
            <Keywords name="Numbers, range"></Keywords>
            <Keywords name="Operators1">! % &amp; ( ) * / , : ; ? [ ] ^ + - &lt; = &gt;</Keywords>
            <Keywords name="Operators2">greater greater= less less= or plus</Keywords>
            <Keywords name="Folders in code1, open">{</Keywords>
            <Keywords name="Folders in code1, middle"></Keywords>
            <Keywords name="Folders in code1, close">}</Keywords>
            <Keywords name="Folders in code2, open">#ifdef</Keywords>
            <Keywords name="Folders in code2, middle">#else</Keywords>
            <Keywords name="Folders in code2, close">#endif</Keywords>
            <Keywords name="Folders in comment, open"></Keywords>
            <Keywords name="Folders in comment, middle"></Keywords>
            <Keywords name="Folders in comment, close"></Keywords>
            <Keywords name="Keywords1">if then else goto switch case while do for foreach from to in</Keywords>
            <Keywords name="Keywords2">abs accTime acos action actionKeys actionKeysImages actionKeysNames actionKeysNamesArray actionName activateAddons activateKey addAction addBackpack addBackpackCargo addBackpackCargoGlobal addCamShake addEditorObject addEventHandler addGoggles addGroupIcon addHandgunItem addHeadgear addItem addItemCargo addItemCargoGlobal addLiveStats addMagazine addMagazine addMagazineCargo addMagazineCargoGlobal addMagazinePool addMagazines addMagazineTurret addMenu addMenuItem addMissionEventHandler addMPEventHandler addMusicEventHandler addPrimaryWeaponItem addPublicVariableEventHandler addRating addResources addScore addSecondaryWeaponItem addSwitchableUnit addTeamMember addUniform addVehicle addVest addWaypoint addWeapon addWeaponCargo addWeaponCargoGlobal addWeaponPool agent agents aimedAtTarget aimPos airportSide AISFinishHeal alive allDead allDeadMen allGroups allMapMarkers allMissionObjects allow3DMode allowCrewInImmobile allowDamage allowDammage allowFileOperations allowFleeing allowGetIn allSites allUnits ammo and animate animateDoor animationPhase animationState armoryPoints asin ASLToATL assert assignAsCargo assignAsCargoIndex assignAsCommander assignAsDriver assignAsGunner assignAsTurret assignedCargo assignedCommander assignedDriver assignedGunner assignedItems assignedTarget assignedTeam assignedVehicle assignedVehicleRole assignItem assignTeam assignToAirport atan atan2 atg ATLToASL attachedObject attachObject attachTo attackEnabled backpack backpackCargo backpackItems backpackSpaceFor batteryChargeRTD behaviour benchmark boundingBox boundingBoxReal boundingCenter breakOut breakTo buildingExit buildingPos buttonAction buttonSetAction cadetMode call callExtension camCommand camCommit camCommitPrepared camCommitted camConstuctionSetParams camCreate camDestroy cameraEffect cameraEffectEnableHUD cameraInterest cameraOn cameraView campaignConfigFile camPreload camPreloaded camPrepareBank camPrepareDir camPrepareDive camPrepareFocus camPrepareFov camPrepareFovRange camPreparePos camPrepareRelPos camPrepareTarget camSetBank camSetDir camSetDive camSetFocus camSetFov camSetFovRange camSetPos camSetRelPos camSetTarget camTarget camUseNVG cancelSimpleTaskDestination canFire canMove canStand canUnloadInCombat captive captiveNum catch ceil cheatsEnabled checkAIFeature className clearAllItemsFromBackpack clearBackpackCargo clearBackpackCargoGlobal clearGroupIcons clearItemCargo clearItemCargoGlobal clearMagazineCargo clearMagazineCargoGlobal clearMagazinePool clearOverlay clearRadio clearVehicleInit clearWeaponCargo clearWeaponCargoGlobal clearWeaponPool closeDialog closeDisplay closeOverlay collapseObjectTree collectiveRTD combatMode commandArtilleryFire commandChat commander commandFire commandFollow commandFSM commandGetOut commandingMenu commandMove commandRadio commandStop commandTarget commandWatch comment commitOverlay compile completedFSM composeText configFile configName controlNull copyFromClipboard copyToClipboard copyWaypoints cos count countEnemy countFriendly countSide countType countUnknown createAgent createCenter createDialog createDiaryLink createDiaryRecord createDiarySubject createDisplay createGearDialog createGroup createGuardedPoint createLocation createMarker createMarkerLocal createMenu createMine createMissionDisplay createSimpleTask createSite createSoundSource createTarget createTask createTeam createTrigger createUnit createVehicle createVehicleLocal crew ctrlActivate ctrlAddEventHandler ctrlAutoScrollDelay ctrlAutoScrollRewind ctrlAutoScrollSpeed ctrlChecked ctrlCommit ctrlCommitted ctrlEnable ctrlEnabled ctrlFade ctrlHTMLLoaded ctrlIDC ctrlIDD ctrlMapAnimAdd ctrlMapAnimClear ctrlMapAnimCommit ctrlMapAnimDone ctrlMapCursor ctrlMapMouseOver ctrlMapScale ctrlMapScreenToWorld ctrlMapWorldToScreen ctrlParent ctrlPosition ctrlRemoveAllEventHandlers ctrlRemoveEventHandler ctrlScale ctrlSetActiveColor ctrlSetAutoScrollDelay ctrlSetAutoScrollRewind ctrlSetAutoScrollSpeed ctrlSetBackgroundColor ctrlSetChecked ctrlSetEventHandler ctrlSetFade ctrlSetFocus ctrlSetFont ctrlSetFontH1 ctrlSetFontH1B ctrlSetFontH2 ctrlSetFontH2B ctrlSetFontH3 ctrlSetFontH3B ctrlSetFontH4 ctrlSetFontH4B ctrlSetFontH5 ctrlSetFontH5B ctrlSetFontH6 ctrlSetFontH6B ctrlSetFontHeight ctrlSetFontHeightH1 ctrlSetFontHeightH2 ctrlSetFontHeightH3 ctrlSetFontHeightH4 ctrlSetFontHeightH5 ctrlSetFontHeightH6 ctrlSetFontP ctrlSetFontPB ctrlSetForegroundColor ctrlSetPosition ctrlSetScale ctrlSetStructuredText ctrlSetText ctrlSetTextColor ctrlSetTooltip ctrlSetTooltipColorBox ctrlSetTooltipColorShade ctrlSetTooltipColorText ctrlShow ctrlShown ctrlText ctrlTextHeight ctrlType ctrlVisible currentCommand currentMagazine currentMagazineDetail currentMuzzle currentTask currentTasks currentVisionMode currentWaypoint currentWeapon currentWeaponMode currentZeroing cursorTarget customChat customRadio cutFadeOut cutObj cutRsc cutText damage date dateToNumber daytime deActivateKey debriefingText debugLog default deg deleteCenter deleteCollection deleteEditorObject deleteGroup deleteIdentity deleteLocation deleteMarker deleteMarkerLocal deleteResources deleteSite deleteStatus deleteTarget deleteTeam deleteVehicle deleteWaypoint detach diag_captureFrame diag_captureSlowFrame diag_fps diag_fpsmin diag_frameno diag_log diag_logSlowFrame diag_tickTime dialog diarySubjectExists difficultyEnabled direction directSay disableAI disableCollisionWith disableConversation disableSerialization disableTIEquipment disableUserInput displayAddEventHandler displayCtrl displayNull displayRemoveAllEventHandlers displayRemoveEventHandler displaySetEventHandler dissolveTeam distance distanceSqr distributionRegion doArtilleryFire doFire doFollow doFSM doGetOut doMove doorPhase doStop doTarget doWatch drawArrow drawEllipse drawIcon drawIcon3D drawLine drawLine3D drawLink drawLocation drawRectangle driver drop echo editObject editorSetEventHandler effectiveCommander emptyPositions enableAI enableAIFeature enableAttack enableAutoStartUpRTD enableAutoTrimRTD enableCamShake enableCaustics enableCollisionWith enableCoPilot enableCopilot enableEndDialog enableEngineArtillery enableEnvironment enableFatigue enableGunLights enableIRLasers enableRadio enableReload enableSaving enableSentences enableSimulation enableTeamSwitch enableTraffic endLoadingScreen endMission enemy engineOn entities estimatedEndServerTime estimatedTimeLeft evalObjectArgument exec execEditorScript execFSM execVM exit exitWith exp expectedDestination exportLandscapeXYZ eyeDirection eyePos faction fadeMusic fadeRadio fadeSound fadeSpeech failMission fillWeaponsFromPool find findCover findDisplay findEditorObject findEmptyPosition findEmptyPositionReady findNearestEnemy finishMissionInit finite fire fireAtTarget firstBackpack flag flagOwner fleeing floor flyInHeight fog fogForecast forceEnd forceMap forceSpeed forceWalk forceWeaponFire forEachMember forEachMemberAgent forEachMemberTeam format formation formationDirection formationLeader formationMembers formationPosition formationTask formatText formLeader freeLook friendly fromEditor fuel gearSlotData getArray getArtilleryAmmo getArtilleryComputerSettings getBackpackCargo getBleedingRemaining getBurningValue getDammage getDir getEditorCamera getEditorMode getEditorObjectScope getElevationOffset getFatigue getFriend getFSMVariable getGroupIcon getGroupIconParams getGroupIcons getHideFrom getHitPointDamage getItemCargo getMagazineCargo getMarkerColor getMarkerPos getMarkerSize getMarkerType getNumber getObjectArgument getObjectChildren getObjectProxy getOxygenRemaining getPlayerUID getPos getPosASL getPosASLW getPosATL getResolution getSpeed getTerrainHeightASL getText getVariable getWeaponCargo getWPPos glanceAt globalChat globalRadio goggles group groupChat groupFromNetId groupIconSelectable groupIconsVisible groupID groupRadio groupSelectedUnits groupSelectUnit grpNull gunner gusts halt handgunItems handgunWeapon handsHit hasInterface hasWeapon hcAllGroups hcGroupParams hcLeader hcRemoveAllGroups hcRemoveGroup hcSelected hcSelectGroup hcSetGroup hcShowBar hcShownBar headgear hideBehindScripted hideBody hideObject hierarchyObjectsCount hint hintC hintCadet hintSilent hostMission htmlLoad humidity image importAllGroups importance inflame inflamed inGameUISetEventHandler inheritsFrom initAmbientLife inputAction inRangeOfArtillery insertEditorObject intersect isAbleToBreathe isAgent isArray isAutoHoverOn isBleeding isBurning isClass isCopilotEnabled isDedicated isEngineOn isFlashlightOn isFlatEmpty isForcedWalk isFormationLeader isHidden isHideBehindScripted isIRLaserOn isKeyActive isKindOf isLocalized isManualFire isMarkedForCollection isMultiplayer isNil isNull isNumber isOnRoad isPiPEnabled isPipEnabled isPlayer isRealTime isServer isShowing3DIcons isText isTouchingGround isTutHintsEnabled isWalking itemCargo items join joinAs joinAsSilent joinSilent kbAddDatabase kbAddDatabaseTargets kbAddTopic kbHasTopic kbReact kbRemoveTopic kbTell kbWasSaid keyImage keyName knowsAbout land landAt landResult language laserTarget lbAdd lbClear lbColor lbCurSel lbData lbDelete lbIsSelected lbPicture lbSelection lbSetColor lbSetCurSel lbSetData lbSetPicture lbSetSelected lbSetValue lbSize lbSort lbSortByValue lbText lbValue leader leaveVehicle libraryCredits libraryDisclaimers lifeState lightAttachObject lightDetachObject lightIsOn lightnings limitSpeed linearConversion lineBreak lineIntersects lineIntersectsWith linkItem list listObjects ln lnbAddArray lnbAddColumn lnbAddRow lnbClear lnbColor lnbCurSelRow lnbData lnbDeleteColumn lnbDeleteRow lnbGetColumnsPosition lnbPicture lnbSetColor lnbsetColumnsPos lnbSetCurSelRow lnbSetData lnbSetPicture lnbSetText lnbSetValue lnbSize lnbText lnbValue load loadAbs loadBackpack loadFile loadGame loadIdentity loadMagazine loadOverlay loadStatus loadUniform loadVest local localize locationNull locationPosition lock lockCargo lockDriver locked lockedCargo lockedDriver lockedTurret lockTurret lockWP lockWp log lookAt lookAtPos magazineCargo magazines magazinesDetail magazinesTurret mapAnimAdd mapAnimClear mapAnimCommit mapAnimDone mapCenterOnCamera mapGridPosition markerAlpha markerBrush markerColor markerDir markerPos markerShape markerSize markerText markerType max members min mineActive missionConfigFile missionName missionNamespace missionStart mod modelToWorld moonIntensity morale move moveInCargo moveInCommander moveInDriver moveInGunner moveInTurret moveObjectToEnd moveOut moveTarget moveTime moveTo moveToCompleted moveToFailed musicVolume name nearEntities nearestBuilding nearestLocation nearestLocations nearestLocationWithDubbing nearestObject nearestObjects nearObjects nearObjectsReady nearRoads nearTargets needReload netId newOverlay nextMenuItemIndex nextWeatherChange nil nMenuItems not numberOfEnginesRTD NumberToDate object objectFromNetId objNull objStatus onBriefingGear onBriefingGroup onBriefingNotes onBriefingPlan onBriefingTeamSwitch onCommandModeChanged onDoubleClick onEachFrame onGroupIconClick onGroupIconOverEnter onGroupIconOverLeave onHCGroupSelectionChanged onMapSingleClick onPlayerConnected onPlayerDisconnected onPreloadFinished onPreloadStarted onShowNewObject onTeamSwitch openDSInterface openMap or orderGetIn overcast overcastForecast owner parseNumber parseText parsingNamespace particlesQuality pi pickWeaponPool playableUnits playAction playActionNow playerRespawnTime playerSide playersNumber playGesture playMission playMove playMoveNow playMusic playScriptedMission playSound playSound3D position posScreenToWorld positionCameraToWorld posWorldToScreen ppEffectAdjust ppEffectCommit ppEffectCommitted ppEffectCreate ppEffectDestroy ppEffectEnable ppEffectForceInNVG precision preloadCamera preloadObject preloadSound preloadTitleObj preloadTitleRsc preprocessFile preprocessFileLineNumbers primaryWeapon primaryWeaponItems priority private processDiaryLink processInitCommands productVersion profileName profileNamespace progressLoadingScreen progressPosition progressSetPosition publicVariable publicVariableClient publicVariableServer putWeaponPool queryMagazinePool queryWeaponPool rad radioChannelAdd radioChannelCreate radioChannelRemove radioChannelSetCallSign radioChannelSetLabel radioVolume rain rainbow random rank rankId rating rectangular registeredTasks registerTask reload reloadEnabled remoteControl removeAction removeAllAssignedItems removeAllContainers removeAllEventHandlers removeAllItems removeAllMissionEventHandlers removeAllMPEventHandlers removeAllMusicEventHandlers removeAllWeapons removeBackpack removeDrawIcon removeDrawLinks removeEventHandler removeGoggles removeGroupIcon removeHeadgear removeItem removeItemFromPrimaryWeapon removeItems removeMagazine removeMagazines removeMagazinesTurret removeMagazineTurret removeMenuItem removeMissionEventHandler removeMPEventHandler removeMusicEventHandler removeSimpleTask removeSwitchableUnit removeTeamMember removeUniform removeVest removeWeapon requiredVersion resetCamShake resetSubgroupDirection resize resources respawnVehicle restartEditorCamera reveal revealMine reversedMouseY roadsConnectedTo ropeCreate ropeDestroy ropeDetach ropeSetCargoMass round runInitScript safeZoneH safeZoneW safeZoneWAbs safeZoneX safeZoneXAbs safeZoneY saveGame saveIdentity saveJoysticks saveOverlay saveProfileNamespace saveStatus saveVar savingEnabled say say2D say3D scopeName score scoreSide screenToWorld scriptDone scriptName scudState secondaryWeapon secondaryWeaponItems select selectBestPlaces selectDiarySubject selectedEditorObjects selectEditorObject selectionPosition selectLeader selectNoPlayer selectPlayer selectWeapon sendSimpleCommand sendTask sendTaskResult sendUDPMessage serverCommand serverCommandAvailable serverTime set setAccTime setActualCollectiveRTD setAirportSide setAmmo setAmmoCargo setAperture setApertureNew setAPURTD setArmoryPoints setAttributes setBatteryChargeRTD setBatteryRTD setBehaviour setBleedingRemaining setBrakesRTD setCameraEffect setCameraInterest setCamShakeDefParams setCamShakeParams setCamUseTi setCaptive setCombatMode setCompassOscilation setCurrentTask setCurrentWaypoint setCustomWeightRTD setDamage setDammage setDate setDebriefingText setDestination setDetailMapBlendPars setDir setDirection setDrawIcon setDropInterval setEditorMode setEditorObjectScope setEffectCondition setEngineRPMRTD setFace setFaceAnimation setFatigue setFlagOwner setFlagSide setFlagTexture setFog setFormation setFormationTask setFormDir setFriend setFromEditor setFSMVariable setFuel setFuelCargo setGroupIcon setGroupIconParams setGroupIconsSelectable setGroupIconsVisible setGroupId setGusts setHideBehind setHit setHitPointDamage setHorizonParallaxCoef setHUDMovementLevels setIdentity setImportance setLeader setLightAmbient setLightAttenuation setLightBrightness setLightColor setLightDayLight setLightFlareMaxDistance setLightFlareSize setLightIntensity setLightnings setLightUseFlare setLocalWindParams setMarkerAlpha setMarkerAlphaLocal setMarkerBrush setMarkerBrushLocal setMarkerColor setMarkerColorLocal setMarkerDir setMarkerDirLocal setMarkerPos setMarkerPosLocal setMarkerShape setMarkerShapeLocal setMarkerSize setMarkerSizeLocal setMarkerText setMarkerTextLocal setMarkerType setMarkerTypeLocal setMimic setMousePosition setMusicEffect setName setObjectArguments setObjectMaterial setObjectProxy setObjectTexture setObjectViewDistance setOvercast setOwner setOxygenRemaining setParticleCircle setParticleClass setParticleParams setParticleRandom setPiPEffect setPlayable setPlayerRespawnTime setPos setPosASL setPosASL2 setPosASLW setPosATL setPosition setRadioMsg setRain setRainbow setRandomLip setRank setRectangular setRepairCargo setRotorBrakeRTD setShadowDistance setSide setSimpleTaskDescription setSimpleTaskDestination setSimpleTaskTarget setSize setSkill setSoundEffect setSpeedMode setStarterRTD setSystemOfUnits setTargetAge setTaskResult setTaskState setTerrainGrid setText setThrottleRTD setTitleEffect setToneMapping setToneMappingParams setTrafficDensity setTrafficDistance setTrafficGap setTrafficSpeed setTriggerActivation setTriggerArea setTriggerStatements setTriggerText setTriggerTimeout setTriggerType setType setUnconscious setUnitAbility setUnitPos setUnitPosWeak setUnitRank setUnitRecoilCoefficient setUserActionText setVariable setVectorDir setVectorDirAndUp setVectorUp setVehicleAmmo setVehicleAmmoDef setVehicleArmor setVehicleId setVehicleInit setVehicleLock setVehiclePosition setVehicleTiPars setVehicleVarName setVelocity setVelocityTransformation setViewDistance setVisibleIfTreeCollapsed setWantedRPMRTD setWaves setWaypointBehaviour setWaypointCombatMode setWaypointCompletionRadius setWaypointDescription setWaypointFormation setWaypointHousePosition setWaypointName setWaypointPosition setWaypointScript setWaypointSpeed setWaypointStatements setWaypointTimeout setWaypointType setWaypointVisible setWeaponReloadingTime setWeaponState setWind setWindDir setWindForce setWindStr setWPPos show3DIcons showChat showCinemaBorder showCommandingMenu showCompass showGPS showHUD showLegend showMap shownArtilleryComputer shownCompass showNewEditorObject shownGPS shownMap shownPad shownRadio shownWarrant shownWatch showPad showRadio showSubtitles showWarrant showWatch showWaypoint side sideChat sideEnemy sideFriendly sideLogic sideRadio sideUnknown simpleTasks simulationEnabled sin size sizeOf skill skipTime sleep sliderPosition sliderRange sliderSetPosition sliderSetRange sliderSetSpeed sliderSpeed someAmmo soundVolume spawn speed speedMode sqrt stance startLoadingScreen step stop stopped str sunOrMoon supportInfo suppressFor surfaceIsWater surfaceNormal surfaceType swimInDepth switchableUnits switchAction switchCamera switchGesture switchLight switchMove synchronizedObjects synchronizedTriggers synchronizedWaypoints synchronizeObjectsAdd synchronizeObjectsRemove synchronizeWaypoint systemChat systemOfUnits tan targetsAggregate targetsQuery taskChildren taskCompleted taskDescription taskDestination taskHint taskNull taskParent taskResult taskState teamMember teamMemberNull teamName teams teamSwitch teamSwitchEnabled teamType terminate terrainIntersect terrainIntersectASL text textLog textLogFormat tg throttleRTD throw time titleCut titleFadeOut titleObj titleRsc titleText toArray toLower toString toUpper triggerActivated triggerActivation triggerArea triggerAttachedVehicle triggerAttachObject triggerAttachVehicle triggerStatements triggerText triggerTimeout triggerType try turretUnit type typeName typeOf uiNamespace uiSleep unassignItem unassignTeam unassignVehicle underwater uniform uniformItems unitBackpack unitPos unitReady unitRecoilCoefficient unitsBelowHeight units unlockAchievement unregisterTask updateDrawIcon updateMenuItem updateObjectTree useAudioTimeForMoves vectorDir vectorUp vehicle vehicleChat vehicleRadio vehicles vehicleVarName velocity velocityModelSpace verifySignature vest vestItems viewDistance visibleMap visiblePosition visiblePositionASL waitUntil waves waypointAttachedObject waypointAttachedVehicle waypointAttachObject waypointAttachVehicle waypointBehaviour waypointCombatMode waypointCompletionRadius waypointDescription waypointFormation waypointHousePosition waypointName waypointPosition waypoints waypointScript waypointShow waypointSpeed waypointStatements waypointTimeout waypointType waypointVisible weaponAccessories weaponCargo weaponDirection weaponLowered weapons weaponState weaponsTurret WFSideText wind windDir windStr with worldName worldToModel worldToScreen</Keywords>
            <Keywords name="Keywords3">BIS_fnc_returnNestedElement BIS_fnc_setNestedElement BIS_fnc_removeNestedElement BIS_fnc_maxDiffArray BIS_fnc_removeIndex BIS_fnc_selectRandom BIS_fnc_randomIndex BIS_fnc_arrayPush BIS_fnc_arrayPushStack BIS_fnc_arrayPop BIS_fnc_arrayShift BIS_fnc_arrayUnShift BIS_fnc_arrayCompare BIS_fnc_arrayFindDeep BIS_fnc_conditionalSelect BIS_fnc_subSelect BIS_fnc_arrayInsert BIS_fnc_classWeapon BIS_fnc_classMagazine BIS_fnc_returnConfigEntry BIS_fnc_returnParents BIS_fnc_help BIS_fnc_recompile BIS_fnc_diagAnim BIS_fnc_fps BIS_fnc_dirTo BIS_fnc_relativeDirTo BIS_fnc_relPos BIS_fnc_distance2D BIS_fnc_distance2Dsqr BIS_fnc_getLineDist BIS_fnc_inAngleSector BIS_fnc_inv BIS_fnc_invAdd BIS_fnc_invRemove BIS_fnc_invCodeToArray BIS_fnc_invString BIS_fnc_invSlots BIS_fnc_invSlotsEmpty BIS_fnc_invSlotType BIS_fnc_findSafePos BIS_fnc_getFactions BIS_fnc_inTrigger BIS_fnc_isPosBlacklisted BIS_fnc_listPlayers BIS_fnc_PosToGrid BIS_fnc_nearestPosition BIS_fnc_createmenu BIS_fnc_colorRGBtoHTML BIS_fnc_addEvidence BIS_fnc_taskHandler BIS_fnc_threat BIS_fnc_commsMenuCreate BIS_fnc_commsMenuToggleVisibility BIS_fnc_commsMenuToggleAvailability BIS_fnc_version BIS_fnc_randomNum BIS_fnc_randomInt BIS_fnc_arithmeticMean BIS_fnc_geometricMean BIS_fnc_cutDecimals BIS_fnc_greatestNum BIS_fnc_lowestNum BIS_fnc_nearestNum BIS_fnc_sortNum BIS_fnc_roundNum BIS_fnc_parseNumber BIS_fnc_isInFrontOf BIS_fnc_setPitchBank BIS_fnc_getPitchBank BIS_fnc_sceneGetParticipants BIS_fnc_sceneGetPositionByAngle BIS_fnc_sceneSetPosFormation BIS_fnc_sceneSetAnimationsForGroup BIS_fnc_sceneSetBehaviour BIS_fnc_sceneCreateSceneTrigger BIS_fnc_miscanim BIS_fnc_sceneRotate BIS_fnc_sceneSetObjects BIS_fnc_sceneGetObjects BIS_fnc_sceneMiscStuff BIS_fnc_zzRotate BIS_fnc_sceneCheckWeapons BIS_fnc_sceneCreateSoundEntities BIS_fnc_sceneAreaClearance BIS_fnc_sceneIntruderDetector BIS_fnc_timeToString BIS_fnc_transportService BIS_fnc_supplydropService BIS_fnc_supplydrop BIS_fnc_respect BIS_fnc_showTime BIS_fnc_locations BIS_fnc_areEqual BIS_fnc_swapVars BIS_fnc_variableSpaceAdd BIS_fnc_variableSpaceRemove BIS_fnc_crossProduct BIS_fnc_dotProduct BIS_fnc_magnitude BIS_fnc_magnitudeSqr BIS_fnc_unitVector BIS_fnc_vectorMultiply BIS_fnc_vectorDiff BIS_fnc_vectorAdd BIS_fnc_vectorFromXToY BIS_fnc_rotateVector2D BIS_fnc_absSpeed BIS_fnc_spawnGroup BIS_fnc_returnGroupComposition BIS_fnc_spawnVehicle BIS_fnc_spawnCrew BIS_fnc_selectCrew BIS_fnc_taskPatrol BIS_fnc_taskDefend BIS_fnc_taskAttack BIS_fnc_returnVehicleTurrets BIS_fnc_ObjectsMapper BIS_fnc_ObjectsGrabber BIS_fnc_findExtreme BIS_fnc_configviewer BIS_fnc_AAN BIS_fnc_infoText BIS_fnc_dynamicText BIS_fnc_halo BIS_fnc_music BIS_fnc_scriptedMove BIS_fnc_boundingBoxCorner BIS_fnc_boundingBoxMarker BIS_fnc_boundingBoxDimensions BIS_fnc_boundingCircle BIS_fnc_UnitCapture BIS_fnc_UnitCaptureFiring BIS_fnc_UnitCaptureSimple BIS_fnc_UnitPlay BIS_fnc_UnitPlaySimple BIS_fnc_UnitPlayFiring BIS_fnc_FTLmanager BIS_fnc_RespawnManager BIS_fnc_spotter BIS_fnc_linearConversion BIS_fnc_customGPS BIS_fnc_customGPSVideo BIS_fnc_3Dcredits BIS_fnc_dirIndicator BIS_fnc_playVideo BIS_fnc_sandstorm BIS_fnc_crows BIS_fnc_destroyCity BIS_fnc_flies BIS_fnc_spawnEnemy BIS_fnc_packStaticWeapon BIS_fnc_unpackStaticWeapon BIS_fnc_sortBy BIS_fnc_updatePlayerArray BIS_fnc_briefingAnimate BIS_fnc_briefingInit BIS_fnc_configPath BIS_fnc_subClasses BIS_fnc_uniqueClasses BIS_fnc_functionMeta BIS_fnc_camera BIS_fnc_isDemo BIS_fnc_animViewer BIS_fnc_logFormat BIS_fnc_diagAAR BIS_fnc_diagAARrecord BIS_fnc_diagHit BIS_fnc_diagKey BIS_fnc_diagRadio BIS_fnc_diagMissionWeapons BIS_fnc_diagMissionPositions BIS_fnc_diagPreview BIS_fnc_diagPreviewVehicleCrew BIS_fnc_diagPreviewCycle BIS_fnc_diagKeyLayout BIS_fnc_diagKeyTest BIS_fnc_diagWiki BIS_fnc_diagVehicleIcons BIS_fnc_diagMapSize BIS_fnc_diagConfig BIS_fnc_diagLoop BIS_fnc_locWeaponInfo BIS_fnc_diagKnownTargets BIS_fnc_diagKnownAsTarget BIS_fnc_diagMacros BIS_fnc_diagMacrosVerify BIS_fnc_diagBulletCam BIS_fnc_diagNameSound BIS_fnc_effectFired BIS_fnc_effectKilled BIS_fnc_effectFiredLongSmoke BIS_fnc_effectFiredRifle BIS_fnc_effectFiredArtillery BIS_fnc_effectFiredRocket BIS_fnc_effectFiredSmokeLauncher BIS_fnc_effectFiredSmokeLauncher_boat BIS_fnc_effectFiredFlares BIS_fnc_effectFiredHeliRocket BIS_fnc_effectKilledAirDestruction BIS_fnc_effectKilledAirDestructionStage2 BIS_fnc_effectKilledSecondaries BIS_fnc_relScaledDist BIS_fnc_terrainGradAngle BIS_fnc_groupIndicator BIS_fnc_rscLayer BIS_fnc_guiEffectTiles BIS_fnc_cinemaBorder BIS_fnc_textTiles BIS_fnc_titlecard BIS_fnc_liveFeed BIS_fnc_liveFeedEffects BIS_fnc_liveFeedSetSource BIS_fnc_liveFeedSetTarget BIS_fnc_liveFeedTerminate BIS_fnc_establishingShot BIS_fnc_hubInit BIS_fnc_hubExit BIS_fnc_hubNextMissions BIS_fnc_hubMissionMeta BIS_fnc_hubWeaponPool BIS_fnc_advHint BIS_fnc_advHintArg BIS_fnc_advHintCall BIS_fnc_advHintCredits BIS_fnc_addWeapon BIS_fnc_markWaypoints BIS_fnc_mapSize BIS_fnc_markerToTrigger BIS_fnc_triggerToMarker BIS_fnc_basicTask BIS_fnc_missionTask BIS_fnc_missionTasks BIS_fnc_missionTasksLocal BIS_fnc_missionConversations BIS_fnc_missionConversationsLocal BIS_fnc_missionFlow BIS_fnc_missionDebug BIS_fnc_isCampaign BIS_fnc_fadeEffect BIS_fnc_death BIS_fnc_findOverwatch BIS_fnc_onDiaryChanged BIS_fnc_colorRGBAtoHTML BIS_fnc_rankParams BIS_fnc_colorRGBAtoTexture BIS_fnc_sideID BIS_fnc_sideColor BIS_fnc_sideName BIS_fnc_sideType BIS_fnc_healthEffects BIS_fnc_textureMarker BIS_fnc_textureVehicleIcon BIS_fnc_localize BIS_fnc_colorConfigToRGBA BIS_fnc_keyCode BIS_fnc_addScriptedEventHandler BIS_fnc_removeScriptedEventHandler BIS_fnc_removeAllScriptedEventHandlers BIS_fnc_callScriptedEventHandler BIS_fnc_enemySides BIS_fnc_alliedSides BIS_fnc_moduleInit BIS_fnc_moduleHandle BIS_fnc_moduleModules BIS_fnc_moduleTriggers BIS_fnc_moduleUnits BIS_fnc_initMultiplayer BIS_fnc_call BIS_fnc_execFSM BIS_fnc_execVM BIS_fnc_setRespawnDelay BIS_fnc_filterString BIS_fnc_inString BIS_fnc_ordinalNumber BIS_fnc_romanNumeral BIS_fnc_phoneticalWord BIS_fnc_teamColor BIS_fnc_alignTabs BIS_fnc_splitString BIS_fnc_getTurrets BIS_fnc_addClassOO BIS_fnc_createObjectOO BIS_fnc_validateParametersOO BIS_fnc_ORBATOpen BIS_fnc_ORBATAnimate BIS_fnc_ORBATTooltip BIS_fnc_ORBATSetGroupFade BIS_fnc_ORBATSetGroupParams BIS_fnc_ORBATGetGroupParams BIS_fnc_ORBATAddGroupOverlay BIS_fnc_ORBATRemoveGroupOverlay BIS_fnc_ORBATConfigPreview BIS_fnc_StrategicMapInit BIS_fnc_StrategicMapOpen BIS_fnc_StrategicMapModuleOpen BIS_fnc_StrategicMapAnimate BIS_fnc_InstructorFigure BIS_fnc_taskChildren BIS_fnc_taskCompleted BIS_fnc_taskCreate BIS_fnc_taskCurrent BIS_fnc_taskDescription BIS_fnc_taskDestination BIS_fnc_taskExists BIS_fnc_taskHint BIS_fnc_taskParent BIS_fnc_taskReal BIS_fnc_taskSetCurrent BIS_fnc_taskSetDescription BIS_fnc_taskSetDestination BIS_fnc_taskSetState BIS_fnc_taskState BIS_fnc_vehicleRoles BIS_fnc_batteriesOn BIS_fnc_batteriesOff BIS_fnc_APUOn BIS_fnc_APUOff BIS_fnc_starterOn1 BIS_fnc_starterOff1 BIS_fnc_throttleOff1 BIS_fnc_throttleIdle1 BIS_fnc_throttleFull1 BIS_fnc_rotorBrakeOn BIS_fnc_rotorBrakeOff BIS_fnc_enginesOn BIS_fnc_enginesOff BIS_fnc_enginesOnDebug BIS_fnc_enginesOffDebug BIS_fnc_radioATCOn BIS_fnc_radioATCOff BIS_fnc_radioMusicNext BIS_fnc_radioMusicOff BIS_fnc_warmupStart BIS_fnc_cooldownStart BIS_fnc_ambientBoats BIS_fnc_ambientHelicopters BIS_fnc_ambientPlanes BIS_fnc_ambientBlacklist BIS_fnc_ambientBlacklistAdd BIS_fnc_ambientPostprocess BIS_fnc_kbTell BIS_fnc_kbMenu BIS_fnc_kbSentence BIS_fnc_kbTopicConfig BIS_fnc_kbPriority BIS_fnc_kbCanSpeak BIS_fnc_kbSkip BIS_fnc_kbCreateDummy BIS_fnc_kbIsSpeaking BIS_fnc_genericSentence BIS_fnc_genericSentenceInit BIS_fnc_dbSymbolClass BIS_fnc_dbSymbolValue BIS_fnc_dbisClass BIS_fnc_dbisValue BIS_fnc_dbClassId BIS_fnc_dbClassSet BIS_fnc_dbClassCheck BIS_fnc_dbClassIndex BIS_fnc_dbClassRemove BIS_fnc_dbClassReturn BIS_fnc_dbClassList BIS_fnc_dbValueId BIS_fnc_dbValueSet BIS_fnc_dbValueCheck BIS_fnc_dbValueIndex BIS_fnc_dbValueRemove BIS_fnc_dbValueReturn BIS_fnc_dbValueList BIS_fnc_dbImportConfig BIS_fnc_dbImportXML BIS_fnc_dbConfigPath BIS_fnc_dbPrint BIS_fnc_error BIS_fnc_errorMsg BIS_fnc_halt BIS_fnc_param BIS_fnc_paramIn BIS_fnc_log BIS_fnc_functionsDebug BIS_fnc_functionPath BIS_fnc_codePerformance BIS_fnc_GC BIS_fnc_GCinit BIS_fnc_shutdown BIS_fnc_getIDD BIS_fnc_getIDC BIS_fnc_GUIeditor BIS_fnc_GUIbackground BIS_fnc_GUImessage BIS_fnc_GUIhint BIS_fnc_GUIgrid BIS_fnc_GUIgridToProfile BIS_fnc_GUInewsfeed BIS_fnc_PIP BIS_fnc_camFollow BIS_fnc_displayColorSet BIS_fnc_displayColorGet BIS_fnc_displayControls BIS_fnc_displayResize BIS_fnc_displayClouds BIS_fnc_displayLoading BIS_fnc_displayMission BIS_fnc_overviewTimeTrial BIS_fnc_overviewMission BIS_fnc_overviewAuthor BIS_fnc_overviewTerrain BIS_fnc_overviewDifficulty BIS_fnc_diaryHints BIS_fnc_diaryMaps BIS_fnc_HUDLimits BIS_fnc_credits BIS_fnc_credits_H BIS_fnc_titleText BIS_fnc_ctrlTextHeight BIS_fnc_shakeGauges BIS_fnc_helicopterDamage BIS_fnc_helicopterCanFly BIS_fnc_helicopterSeat BIS_fnc_helicopterSeatMove BIS_fnc_helicopterType BIS_fnc_helicopterGetHitpoints BIS_fnc_heliportAddForced BIS_fnc_heliportCondition BIS_fnc_heliportGetHeliports BIS_fnc_heliportTaskReturn BIS_fnc_heliportPauseOnLoad BIS_fnc_heliportDBAdd BIS_fnc_heliportDBSave BIS_fnc_heliportDBLoad BIS_fnc_heliportHeliAdd BIS_fnc_heliportHeliAddMission BIS_fnc_heliportHeliAssign BIS_fnc_heliportHeliAssigned BIS_fnc_heliportHeliDamage BIS_fnc_heliportHeliHistory BIS_fnc_heliportHeliInit BIS_fnc_heliportHeliLoad BIS_fnc_heliportHeliRemove BIS_fnc_heliportHelislots BIS_fnc_heliportHeliUpgrades BIS_fnc_heliportHint BIS_fnc_heliportCheat BIS_fnc_heliportInit BIS_fnc_heliportListboxHeliports BIS_fnc_heliportMenuHeli BIS_fnc_heliportMenuHeliList BIS_fnc_heliportMenuIM BIS_fnc_heliportMenuInit BIS_fnc_heliportMenuItem BIS_fnc_heliportMenuMain BIS_fnc_heliportMenuMission BIS_fnc_heliportMenuPreview BIS_fnc_heliportMission BIS_fnc_heliportMissionList BIS_fnc_heliportMissionRequired BIS_fnc_heliportMissionStart BIS_fnc_heliportMissionEnd BIS_fnc_heliportMissionReward BIS_fnc_heliportMissionLast BIS_fnc_heliportMoney BIS_fnc_heliportMoneyAdd BIS_fnc_heliportMoneyDisplay BIS_fnc_heliportStaffAdd BIS_fnc_heliportStaffLoad BIS_fnc_heliportStaffToDefaultPosition BIS_fnc_heliportStaffKilled BIS_fnc_heliportTurn BIS_fnc_heliportTurnAdd BIS_fnc_heliportTypesRequired BIS_fnc_heliportUpgradeAdd BIS_fnc_heliportUpgradePositions BIS_fnc_heliportUpgradesLoad BIS_fnc_heliportMaintenance BIS_fnc_heliportMaintenanceReport BIS_fnc_heliportMaintenanceCost BIS_fnc_KMLimport BIS_fnc_noFlyZonesCreate BIS_fnc_noFlyZonesExport BIS_fnc_noFlyZone BIS_fnc_keypointsExport BIS_fnc_keypointsExportFromKML BIS_fnc_worldArea BIS_fnc_randomPos BIS_fnc_randomPosTrigger BIS_fnc_markerCreate BIS_fnc_markerParams BIS_fnc_markerPath BIS_fnc_posDegtoUTM BIS_fnc_posDegToWorld BIS_fnc_posUTMToDeg BIS_fnc_nearestHelipad BIS_fnc_endMission BIS_fnc_onLoad BIS_fnc_onEnd BIS_fnc_displayName BIS_fnc_counter BIS_fnc_isLocalized BIS_fnc_roundDir BIS_fnc_saveGame BIS_fnc_animType BIS_fnc_position BIS_fnc_assignPlayerRole BIS_fnc_convertUnits BIS_fnc_moveIn BIS_fnc_setHeight BIS_fnc_playerName BIS_fnc_missionInit BIS_fnc_missionInitPos BIS_fnc_missionInitCrew BIS_fnc_missionInitDiary BIS_fnc_missionFlow BIS_fnc_missionConversations BIS_fnc_missionTasks BIS_fnc_missionVisit BIS_fnc_missionVisitGolf BIS_fnc_missionSlingload BIS_fnc_missionSlingloadCamp BIS_fnc_missionDropLeaflets BIS_fnc_missionRescue BIS_fnc_missionPursuitBoat BIS_fnc_missionSightseeing BIS_fnc_missionFreeFlight BIS_fnc_missionTimeTrial BIS_fnc_grabTimeTrial BIS_fnc_singleMissionName BIS_fnc_singleMissionConfig BIS_fnc_singleMissionKeys BIS_fnc_MP BIS_fnc_MPexec BIS_fnc_numberDigits BIS_fnc_numberText BIS_fnc_radioSetChannel BIS_fnc_radioSetPlaylist BIS_fnc_radioSetTrack BIS_fnc_secondsToString</Keywords>
            <Keywords name="Keywords4">true false</Keywords>
            <Keywords name="Keywords5">blufor west opfor east indfor independent resistance civilian</Keywords>
            <Keywords name="Keywords6">_</Keywords>
            <Keywords name="Keywords7">#define #undef #ifdef #else #endif #include</Keywords>
            <Keywords name="Keywords8"></Keywords>
            <Keywords name="Delimiters">00&quot; 00&apos; 01 02&quot; 02&apos; 03 04 05 06 07 08 09 10 11 12 13 14 15 16 17 18 19 20 21 22 23</Keywords>
        </KeywordLists>
        <Styles>
            <WordsStyle name="DEFAULT" fgColor="660E7A" bgColor="FFFFFF" colorStyle="1" fontName="" fontStyle="3" nesting="0" />
            <WordsStyle name="COMMENTS" fgColor="808080" bgColor="FFFFFF" colorStyle="1" fontName="" fontStyle="2" nesting="0" />
            <WordsStyle name="LINE COMMENTS" fgColor="808080" bgColor="FFFFFF" colorStyle="1" fontName="" fontStyle="2" nesting="0" />
            <WordsStyle name="NUMBERS" fgColor="0000FF" bgColor="FFFFFF" colorStyle="1" fontName="" fontStyle="0" nesting="0" />
            <WordsStyle name="KEYWORDS1" fgColor="000080" bgColor="FFFFFF" colorStyle="1" fontName="" fontStyle="1" nesting="0" />
            <WordsStyle name="KEYWORDS2" fgColor="000000" bgColor="FFFFFF" colorStyle="1" fontName="" fontStyle="0" nesting="0" />
            <WordsStyle name="KEYWORDS3" fgColor="000000" bgColor="FFFFFF" colorStyle="1" fontName="" fontStyle="0" nesting="0" />
            <WordsStyle name="KEYWORDS4" fgColor="000080" bgColor="FFFFFF" colorStyle="1" fontName="" fontStyle="1" nesting="0" />
            <WordsStyle name="KEYWORDS5" fgColor="0000FF" bgColor="FFFFFF" colorStyle="1" fontName="" fontStyle="0" nesting="0" />
            <WordsStyle name="KEYWORDS6" fgColor="458383" bgColor="FFFFFF" colorStyle="1" fontName="" fontStyle="0" nesting="0" />
            <WordsStyle name="KEYWORDS7" fgColor="000000" bgColor="FFFFFF" colorStyle="1" fontName="" fontStyle="0" nesting="0" />
            <WordsStyle name="KEYWORDS8" fgColor="000000" bgColor="FFFFFF" colorStyle="1" fontName="" fontStyle="0" nesting="0" />
            <WordsStyle name="OPERATORS" fgColor="000000" bgColor="FFFFFF" colorStyle="1" fontName="" fontStyle="0" nesting="0" />
            <WordsStyle name="FOLDER IN CODE1" fgColor="000000" bgColor="FFFFFF" colorStyle="1" fontName="" fontStyle="0" nesting="0" />
            <WordsStyle name="FOLDER IN CODE2" fgColor="FF8000" bgColor="FFFFFF" colorStyle="1" fontName="" fontStyle="0" nesting="0" />
            <WordsStyle name="FOLDER IN COMMENT" fgColor="000000" bgColor="FFFFFF" colorStyle="1" fontName="" fontStyle="0" nesting="0" />
            <WordsStyle name="DELIMITERS1" fgColor="008000" bgColor="FFFFFF" colorStyle="1" fontName="" fontStyle="1" nesting="0" />
            <WordsStyle name="DELIMITERS2" fgColor="000000" bgColor="FFFFFF" colorStyle="1" fontName="" fontStyle="0" nesting="0" />
            <WordsStyle name="DELIMITERS3" fgColor="000000" bgColor="FFFFFF" colorStyle="1" fontName="" fontStyle="0" nesting="0" />
            <WordsStyle name="DELIMITERS4" fgColor="000000" bgColor="FFFFFF" colorStyle="1" fontName="" fontStyle="0" nesting="0" />
            <WordsStyle name="DELIMITERS5" fgColor="000000" bgColor="FFFFFF" colorStyle="1" fontName="" fontStyle="0" nesting="0" />
            <WordsStyle name="DELIMITERS6" fgColor="000000" bgColor="FFFFFF" colorStyle="1" fontName="" fontStyle="0" nesting="0" />
            <WordsStyle name="DELIMITERS7" fgColor="000000" bgColor="FFFFFF" colorStyle="1" fontName="" fontStyle="0" nesting="0" />
            <WordsStyle name="DELIMITERS8" fgColor="000000" bgColor="FFFFFF" colorStyle="1" fontName="" fontStyle="0" nesting="0" />
        </Styles>
    </UserLang>
</NotepadPlus>
